"Date","AEX_disc_return","Portfolio_disc_return","MSCI_disc_return","Date.y","new_cases_per_million","reproduction_rate","dMonday","dPeriod","AEX_cont_return","Portfolio_cont_return","MSCI_cont_return"
2020-03-09,-7.64742419394303,-6.53352712425495,-7.06572405220634,2020-03-08,4.484,2.87,1,0,-7.95565879499271,-6.75673928672622,-7.32776529110094
2020-03-10,-1.21469041698937,-1.53091356224787,2.70846394984326,2020-03-09,3.261,2.67,0,0,-1.22212807205564,-1.54275303407064,2.67243418625567
2020-03-11,-0.111409119042699,0.286462548916401,-3.64424368209009,2020-03-10,3.552,2.58,0,0,-0.111471225133919,0.286053026855217,-3.71230490834552
2020-03-12,-10.7526437541309,-12.33017714496,-9.51325097666561,2020-03-11,7.046,2.59,0,0,-11.3758387662104,-13.1592440977753,-9.99667656342759
2020-03-13,0.173570932654478,-4.25156227559319,5.27187864644107,2020-03-12,0,2.59,0,0,0.173420472389539,-4.34458742546313,5.13761380971059
2020-03-16,-3.71491278733973,-15.2806281927395,-9.13564920525837,2020-03-15,10.249,2.56,1,0,-3.78567367804623,-16.5825899650895,-9.58024422034231
2020-03-17,1.79715430573218,-7.40291658209886,3.49614521323314,2020-03-16,16.188,2.58,0,0,1.78119639628839,-7.69125413989273,3.43641817071576
2020-03-18,-4.75180313958421,-3.59359205920086,-5.06352985549609,2020-03-17,17.178,2.5,0,0,-4.86841027597764,-3.65975141658556,-5.19622534117645
2020-03-19,4.61519425884681,1.54312009824305,0.302932485784513,2020-03-18,20.206,2.39,0,0,4.51186156942617,1.53133508337686,0.302474569880747
2020-03-20,2.18332347723241,2.89184491334554,-1.69080331724223,2020-03-19,23.816,2.33,0,0,2.15983030974177,2.85082011684605,-1.70526059094752
2020-03-23,-1.91212556136858,-2.89353514061517,-3.29371474617244,2020-03-22,33.599,2.08,1,0,-1.93064311478121,-2.93622335107796,-3.34917881868193
2020-03-24,8.97054658736901,8.07760703206042,8.39235496302467,2020-03-23,31.852,2.05,0,0,8.5907444931677,7.76793667087172,8.05873743590081
2020-03-25,2.96060468239013,-2.82658307063246,2.7145842842386,2020-03-24,47.516,2.05,0,0,2.9176250266121,-2.86730003074576,2.67839294740713
2020-03-26,1.59655027345394,0.0470348377344958,4.61678789437987,2020-03-25,49.962,1.97,0,0,1.58393945784023,0.0470237798219356,4.51338488867849
2020-03-27,-3.73920785109423,-3.34781129917307,-2.39431266906619,2020-03-26,59.978,1.88,0,0,-3.81090928834752,-3.40513349530475,-2.42344224334437
2020-03-30,2.37670186909858,-4.17489059616042,1.9331195602382,2020-03-29,64.694,1.54,1,0,2.34889799209458,-4.26454330175631,1.91467216511943
2020-03-31,1.56729274339258,1.79215189016886,-0.604440050332554,2020-03-30,51.651,1.45,0,0,1.55513755113365,1.77628217396719,-0.606274183764284
2020-04-01,-2.51116994870097,-2.54792277002704,-3.69616819260767,2020-03-31,49.496,1.36,0,0,-2.54323781236179,-2.58094444076943,-3.76620776600246
2020-04-02,1.48100997241671,0.00212948578500569,1.2394366197183,2020-04-01,59.919,1.3,0,0,1.4701501121694,0.00212946311176962,1.23181848740428
2020-04-03,-1.42594296228151,-5.78704521899705,-1.37497681320719,2020-04-02,63.588,1.21,0,0,-1.43620722075778,-5.96124896468931,-1.38451717215198
2020-04-06,3.89428583548976,6.37788554345973,5.49429881274245,2020-04-05,71.391,1.16,1,0,3.82037138336804,6.18275266805218,5.3486725778188
2020-04-07,2.0476909885264,11.1404103822943,0.973881262257075,2020-04-06,56.658,1.17,0,0,2.02700767357079,10.562417433747,0.969169604627839
2020-04-08,0.172051615484637,2.54965189543206,2.02829459930698,2020-04-07,45.595,1.15,0,0,0.171903776241595,2.51769040382577,2.00799868608806
2020-04-09,1.46392123185078,3.98321291653029,1.57696634074587,2020-04-08,56.658,1.14,0,0,1.4533093460513,3.90592858604652,1.56466142092373
2020-04-14,-0.0590504684670521,-7.24257969389521,2.43159790719615,2020-04-13,56.134,1.05,0,0,-0.0590679101227697,-7.51824844003189,2.40250523308255
2020-04-15,-3.2713593571513,-5.02876284801351,-2.15616495708604,2020-04-14,50.661,1.01,0,0,-3.32606470005311,-5.15961070518727,-2.17974982911586
2020-04-16,1.00787978742899,0.171769363977298,0.141206675224652,2020-04-15,42.858,0.97,0,0,1.00283455072624,0.171622009121487,0.14110707235193
2020-04-17,1.96339300112885,1.99868469792116,2.60863991795923,2020-04-16,62.132,0.96,0,0,1.94436707331849,1.97897320946171,2.5751952929836
2020-04-20,1.3720295757384,-1.11163544678735,-1.05357403127408,2020-04-19,62.423,0.93,1,0,1.36270246691265,-1.11786028830656,-1.05916341600509
2020-04-21,-3.31539121616351,-1.79739186594578,-3.00919593442898,2020-04-20,43.673,0.91,0,0,-3.37159607900819,-1.81374115704453,-3.05540154265608
2020-04-22,2.79570760045183,0.0100114730085562,1.78342843505239,2020-04-21,42.45,0.87,0,0,2.75734113017969,0.010010971894051,1.76771193670409
2020-04-23,0.610258624072841,2.53986278711753,0.315477586170149,2020-04-22,41.635,0.83,0,0,0.608404087287464,2.50814422265009,0.314980999771674
2020-04-24,-1.51931815965518,-2.46650199388778,0.427105246382353,2020-04-23,51.767,0.77,0,0,-1.53097804930426,-2.49742976972461,0.42619574070292
2020-04-27,1.43581415613737,1.10426926512591,1.76039947526554,2020-04-26,38.199,0.67,1,0,1.42560396157711,1.0982167288452,1.74508392570367
2020-04-28,1.51896757062808,0.42294845642683,0.13307273256539,2020-04-27,23.292,0.64,0,0,1.50754676522636,0.422056543446587,0.132984269276283
2020-04-29,1.34430832548032,9.41850458744221,2.28830100917813,2020-04-28,10.016,0.61,0,0,1.33535267289219,9.00098358336917,2.26251207933503
2020-04-30,-2.66433884924853,-0.177440028779168,-0.696305318717013,2020-04-29,22.477,0.61,0,0,-2.70047567415226,-0.177597640069503,-0.698740836546196
2020-05-04,-3.23832176557747,-4.42217329351163,-0.685389501838856,2020-05-03,19.507,0.62,1,0,-3.29191560971454,-4.52293310492126,-0.687749083415191
2020-05-05,2.72410388668372,1.91525085794208,1.00151489648208,2020-05-04,11.588,0.63,0,0,2.68766053233641,1.89714079873643,0.996532971575469
2020-05-06,-0.839495518113876,-2.32318824148516,-0.420798266811107,2020-05-05,18.517,0.66,0,0,-0.843039127972566,-2.35059963731713,-0.421686114291101
2020-05-07,2.11848481851449,1.06116675601464,0.790761892807838,2020-05-06,13.51,0.65,0,0,2.09635690102779,1.05557589902515,0.787651756044144
2020-05-08,0.834850656645888,2.71294320860601,1.75176421751764,2020-05-07,26.495,0.66,0,0,0.831385053598216,2.67679523004893,1.73659769314008
2020-05-11,-0.0461033098334535,-2.92478583732807,0.00203981723237412,2020-05-10,14.267,0.64,1,0,-0.0461139406769169,-2.9684104215988,0.00203979642837999
2020-05-12,0.0211404301116625,-1.59753464769608,-1.22590515043345,2020-05-11,9.375,0.64,0,0,0.0211381958376127,-1.61043278504071,-1.23348134930238
2020-05-13,-1.58519714088079,-4.77693284132188,-1.54468858417314,2020-05-12,11.413,0.66,0,0,-1.59789576840232,-4.89479714542263,-1.55674319689239
2020-05-14,-2.56935902692362,-2.4345498031675,-0.0461448108062695,2020-05-13,13.218,0.66,0,0,-2.60294357664017,-2.46467491245833,-0.0461554608004976
2020-05-15,0.256497605354393,-0.326385227320841,0.379821211230957,2020-05-14,15.722,0.64,0,0,0.256169211674721,-0.326919025713096,0.379101711767336
2020-05-18,3.91357358437768,10.0413113352335,2.80965820006272,2020-05-17,7.279,0.63,1,0,3.83893444349208,9.56856668932555,2.77091139822983
2020-05-19,0.107715093577499,0.749798994097249,-0.16470444702007,2020-05-18,8.502,0.68,0,0,0.107657122495912,0.747001974090175,-0.164840233912927
2020-05-20,2.03862042463251,-1.16348639500911,1.39109536029981,2020-05-19,6.289,0.73,0,0,2.01811872473631,-1.17030786080561,1.38150843532884
2020-05-21,-1.55349678002486,0.181014506801604,-0.775396235511543,2020-05-20,11.53,0.79,0,0,-1.565689986818,0.180850872980794,-0.778418063015086
2020-05-22,0.30030030030031,-0.202169985475219,-0.406923777710293,2020-05-21,14.732,0.82,0,0,0.299850299625663,-0.202374624849802,-0.407753965434158
2020-05-25,1.60951981387544,4.98437873647091,0.502093751270486,2020-05-24,10.016,0.86,1,0,1.59670437222842,4.86413791631196,0.500837464000289
2020-05-26,-0.285274576780169,-0.211760513800344,1.57157015432535,2020-05-25,12.228,0.89,0,0,-0.285682260230383,-0.211985043409067,1.55934886833057
2020-05-27,-0.440429136081295,1.86641354116546,0.955832569994825,2020-05-26,7.745,0.88,0,0,-0.441401882423808,1.84920977623191,0.951293392189576
2020-05-28,1.82622504537204,2.81232644218476,0.447749418122999,2020-05-27,11.064,0.87,0,0,1.80974983639927,2.77350668698443,0.446750002556967
2020-05-29,-1.12324087482826,-2.81381734985773,0.0432007854688321,2020-05-28,10.598,0.84,0,0,-1.12959686535146,-2.85416384316284,0.0431914566161582
2020-06-01,1.30874814578364,5.03618141194035,0.924490156437066,2020-05-31,10.773,0.83,1,0,1.3002580331361,4.91346896893212,0.920242903081684
2020-06-02,1.21955740074879,4.5701085997302,1.14356840017115,2020-06-01,6.056,0.82,0,0,1.21218071420524,4.46875561580644,1.13707908306711
2020-06-03,2.77960887716984,6.9505783413274,1.68057531823251,2020-06-02,5.998,0.85,0,0,2.74167901316026,6.71966571117462,1.66660990029116
2020-06-04,-0.386602529841432,0.213299090396084,-0.151285930408463,2020-06-03,5.066,0.89,0,0,-0.387351769097183,0.21307193084842,-0.151400483121496
2020-06-05,2.44486970829681,3.70885661282363,2.08333333333333,2020-06-04,12.17,1,0,0,2.4154611389254,3.64173317029426,2.06192872027356
2020-06-08,-1.15223463687149,3.80022658312746,0.884972170686453,2020-06-07,13.917,1.11,1,0,-1.15892429686365,3.72979676230819,0.881079242666533
2020-06-09,-0.785941363475811,-4.02527461787006,-0.467109255751506,2020-06-08,9.608,1.08,0,0,-0.78904616123607,-4.10853064532794,-0.468203620284107
2020-06-10,-0.439697374276818,-2.116542399477,-0.27160356964692,2020-06-09,9.55,1.06,0,0,-0.440666886170885,-2.13926231445691,-0.271973081365141
2020-06-11,-3.40080102989558,-8.2435486432678,-4.60760337927968,2020-06-10,10.773,1.03,0,0,-3.45997370389436,-8.60323870105689,-4.71713107025132
2020-06-12,0.906970717802535,1.34787222300749,0.326283283808204,2020-06-11,9.55,0.98,0,0,0.902882439452609,1.33886923432826,0.325752134954764
2020-06-15,-0.594320933303986,0.417236873366599,0.027101844861294,2020-06-14,8.327,0.9,1,0,-0.596094048985064,0.416368853951178,0.0270981729747424
2020-06-16,3.3381310894597,2.03780040025338,2.22368446517389,2020-06-15,9.608,0.89,0,0,3.28362516431537,2.01731508032132,2.19932111670803
2020-06-17,1.15533651184801,-0.0107791642709527,0.00946611132146053,2020-06-16,8.152,0.84,0,0,1.14871346309033,-0.0107797452646207,0.00946566331342023
2020-06-18,-0.683166219460529,-1.38802770120489,-0.0832938949361201,2020-06-17,6.813,0.77,0,0,-0.685510482788298,-1.39775088419939,-0.0833286035755789
2020-06-19,0.927818559926064,-2.13834408365544,-0.189462117049696,2020-06-18,6.697,0.7,0,0,0.923540763294894,-2.16153789914648,-0.189641823538369
2020-06-22,-0.486060968951973,-2.15580796909844,0.337882728118313,2020-06-21,5.299,0.64,1,0,-0.487246087103728,-2.17938497492122,0.337313186988675
2020-06-23,1.61395933247208,0.0677598801052519,0.896725250193914,2020-06-22,3.785,0.66,0,0,1.60107347231074,0.067736933463656,0.89272854453183
2020-06-24,-2.93631028056915,-1.92725484134038,-2.24063900399378,2020-06-23,3.727,0.69,0,0,-2.98028279032467,-1.94606851467325,-2.26612270427338
2020-06-25,0.552634884179916,0.635293649319419,0.454562890789828,2020-06-24,4.775,0.72,0,0,0.551113460309402,0.633284165473451,0.453532873884956
2020-06-26,-0.105280062811142,-1.01194292057847,-1.51599045346063,2020-06-25,6.405,0.75,0,0,-0.105335521197102,-1.01709786919547,-1.5275990617594
2020-06-29,0.0607338072951874,0.670657538019743,0.721195789147172,2020-06-28,4.251,0.73,1,0,0.06071537178246,0.668418635026403,0.718607608764278
2020-06-30,-0.0767637817766263,-1.05905832409493,1.0355513637326,2020-06-29,4.542,0.75,0,0,-0.0767932602544147,-1.0647062587722,1.03022626182419
2020-07-01,0.52525324710127,1.6420277462329,0.451505972452421,2020-06-30,2.912,0.75,0,0,0.523878603704958,1.62869225426413,0.450489741982641
2020-07-02,1.43601045017507,-0.26098295431139,0.921711424670007,2020-07-01,3.61,0.75,0,0,1.4257974769044,-0.261324108522433,0.917489587195161
2020-07-03,-0.37144108628997,-1.00818711197384,0.0676513699402439,2020-07-02,4.542,0.77,0,0,-0.372132641704645,-1.01330373739238,0.0676284967164245
2020-07-06,1.73926806535005,2.68569100709593,1.81971830985917,2020-07-05,4.251,0.75,1,0,1.72431592126728,2.65025931682433,1.80335959320769
2020-07-07,-0.518564613150799,-1.99327219477721,-0.909275346280836,2020-07-06,2.096,0.74,0,0,-0.519913825821739,-2.01340586001946,-0.913434485774711
2020-07-08,-0.580344731720884,-0.890425658623956,0.578863120276963,2020-07-07,2.155,0.76,0,0,-0.58203527558693,-0.894413638874605,0.577194145339798
2020-07-09,-0.838896850641399,-1.35444042127028,-0.347909765531024,2020-07-08,3.028,0.8,0,0,-0.842435393987524,-1.363696640552,-0.348516378942664
2020-07-10,0.553420987697837,1.72172381364609,0.609110661293612,2020-07-09,3.144,0.85,0,0,0.551895240365224,1.70707010762464,0.60726308104803
2020-07-13,1.4600715137068,0.290520157086542,-0.201192387913696,2020-07-12,5.881,1.17,1,0,1.4495150996516,0.290098962850426,-0.201395051673464
2020-07-14,-1.09527511445107,-0.132175965211347,0.516016867648161,2020-07-13,4.134,1.2,0,0,-1.10131741269852,-0.132263394689239,0.514690063009467
2020-07-15,0.882080662346501,-1.85324156310938,1.16289767604466,2020-07-14,3.144,1.24,0,0,0.878213057826579,-1.87062924346432,1.1561879887855
2020-07-16,-0.62677470738969,-0.610424853334674,-0.61659906509758,2020-07-15,6.347,1.33,0,0,-0.628747186377755,-0.612295562577173,-0.61850788769963
2020-07-17,-0.0243927936718298,-1.14601910074504,0.301976573938502,2020-07-16,5.881,1.38,0,0,-0.024395769197636,-1.15263650604135,0.301521540515214
2020-07-20,0.930637852910427,1.12062349293532,0.837514825289669,2020-07-19,8.502,1.55,1,0,0.926334099808649,1.11439102630383,0.83402712965814
2020-07-21,0.371240114652757,3.26500069112443,0.573610306890554,2020-07-20,10.889,1.61,0,0,0.370552719272105,3.21283204442486,0.571971427171722
2020-07-22,-1.44334153348587,-0.893802462845384,0.140335726237399,2020-07-21,9.608,1.57,0,0,-1.45385903235398,-0.89782083920962,0.140237347686516
2020-07-23,0.658055507069293,-2.56322073898657,-0.740221707181229,2020-07-22,9.783,1.48,0,0,0.655899773929752,-2.59664361338135,-0.742974943174681
2020-07-24,-2.20576759671908,-0.466728718146844,-0.827194236791147,2020-07-23,9.608,1.43,0,0,-2.23045840679036,-0.467821297541972,-0.830634473077938
2020-07-27,0.0744746874722864,-2.83735859586624,0.914400438036136,2020-07-26,17.12,1.48,1,0,0.074446968838301,-2.87838960963012,0.910245108920591
2020-07-28,0.347289898470868,1.35029434655758,-0.3400191712937,2020-07-27,8.502,1.45,0,0,0.346688239700647,1.34125911637919,-0.340598550183615
2020-07-29,-0.391997598573275,0.303770195650958,0.805763751519891,2020-07-28,12.985,1.5,0,0,-0.392767922920665,0.303309746228533,0.802534808906074
2020-07-30,-2.64310152275265,-2.11599440473927,-0.644499252884952,2020-07-29,14.441,1.54,0,0,-2.67865940482928,-2.13870247194908,-0.646585116399732
2020-07-31,-0.711944646758937,1.04734042148466,0,2020-07-30,20.614,1.61,0,0,-0.714491065920305,1.04189380840498,0
2020-08-03,2.28135487538742,-0.907921645754737,0.713910380691814,2020-08-02,22.535,1.62,1,0,2.25572110756225,-0.912068372766346,0.711374104538461
2020-08-04,0.0376526276155194,1.26053610509998,0.615296043754378,2020-08-03,22.011,1.63,0,0,0.0376455407925545,1.25265748819437,0.613410826805125
2020-08-05,0.915869089866276,3.59127192754977,0.86902101028163,2020-08-04,28.708,1.65,0,0,0.911700442487344,3.52828924846722,0.865266757186998
2020-08-06,-0.81520291270756,-2.21744665184397,0.187906613958261,2020-08-05,27.427,1.61,0,0,-0.818543861046052,-2.24240159840577,0.187730290328375
2020-08-07,0.198760878129143,-0.629867290973047,-0.341490171098953,2020-08-06,41.635,1.64,0,0,0.198563610047025,-0.631859324176683,-0.342074579628176
2020-08-10,-0.444984541701665,1.71928914853188,0.149137135146657,2020-08-09,37.442,1.48,1,0,-0.445977544815301,1.70467662257571,0.149026036167434
2020-08-11,1.52222302003301,3.32928576235981,0.00177279818465305,2020-08-10,40.645,1.46,0,0,1.51075345387485,3.27506520141454,0.00177278247077029
2020-08-12,1.67975104321381,-0.902747998295605,1.23207289616904,2020-08-11,19.391,1.42,0,0,1.66579924559419,-0.906847458551623,1.22454465063573
2020-08-13,-0.888602928390064,-0.616272472268264,-0.0385261978144987,2020-08-12,77.272,1.47,0,0,-0.892574549679389,-0.618179269148021,-0.0385336210607513
2020-08-14,-1.59838582331784,-0.472478657276409,-0.248764934655421,2020-08-13,40.063,1.33,0,0,-1.61129778298568,-0.473598365999652,-0.249074868730555
2020-08-17,0.374438342486275,-2.31547656851354,0.43554618897085,2020-08-16,33.716,1.08,1,0,0.373739067151047,-2.34270485817045,0.434600431702633
2020-08-18,-0.621735886595374,-2.15655232970075,0.253549695740373,2020-08-17,29.814,1.03,0,0,-0.62367671288299,-2.18014573896686,0.253228800803616
2020-08-19,0.141212641212635,-2.53022146306277,-0.240699073831824,2020-08-18,33.774,1.01,0,0,0.141113029927229,-2.56278197566948,-0.240989219731718
2020-08-20,-1.39050033022151,1.85673377639492,-0.407378267331068,2020-08-19,38.316,0.97,0,0,-1.40025834851558,1.83970691422995,-0.408210313079044
2020-08-21,-0.193686192165674,0.286629164432358,0.237000105333384,2020-08-20,36.394,0.97,0,0,-0.193874006423561,0.286219166305468,0.236719703032188
2020-08-24,1.74474490813791,0.86243387740208,1.09813125032839,2020-08-23,30.222,0.97,1,0,1.72969899063883,0.858736161464518,1.0921455696663
2020-08-25,-0.210342430346363,-1.01274616417983,0.285842976924672,2020-08-24,38.083,0.99,0,0,-0.210563960739174,-1.01790932755122,0.285435222727064
2020-08-26,1.146817670281,1.16728516703637,0.887906165247281,2020-08-25,26.728,0.98,0,0,1.14029156406856,1.16052495021234,0.883987457670671
2020-08-27,-0.674637514790818,0.283260014715967,-0.14040374638288,2020-08-26,40.703,0.97,0,0,-0.676923480796497,0.282859589521039,-0.140502404800425
2020-08-28,-0.997492932202488,1.84606003988995,0.55383138149209,2020-08-27,35.055,0.98,0,0,-1.00250122569999,1.82922719884188,0.552303374621374
2020-08-31,-1.36494252873562,-0.70447233188676,-0.269422276788766,2020-08-30,32.085,1.02,1,0,-1.37434351263937,-0.706965454022273,-0.269785871822433
2020-09-01,0.54989075018208,-1.14732736691399,0.625790787538893,2020-08-31,32.202,1.06,0,0,0.548384370767291,-1.15395994776231,0.623840847790658
2020-09-02,1.63883959291586,-0.545322900112856,0.941344389315565,2020-09-01,33.191,1.1,0,0,1.6255555563948,-0.546815213195752,0.936941353273201
2020-09-03,-2.07921321289218,2.03062236516804,-2.51489748510251,2020-09-02,49.962,1.15,0,0,-2.10113322572973,2.01028015057469,-2.54706143775922
2020-09-04,-1.69759825327512,-1.28351813862834,-1.04986876640421,2020-09-03,40.529,1.19,0,0,-1.71217263081685,-1.29182640129296,-1.05541876786903
2020-09-07,1.27158642900772,0.0159259904032317,0.253036437246972,2020-09-06,55.319,1.32,1,0,1.26356965736579,0.0159247223520114,0.252716839073784
2020-09-08,-1.16058047300509,-0.0740119707975907,-2.03310762589428,2020-09-07,49.205,1.35,0,0,-1.16736777400982,-0.0740393731782295,-2.05405973132037
2020-09-09,2.08213909280867,1.95117775310463,1.44276043424957,2020-09-08,63.471,1.38,0,0,2.0607588451615,1.93238632275844,1.43245168133158
2020-09-10,-0.280771669232851,-1.29533859710883,-0.956334401765527,2020-09-09,75.292,1.38,0,0,-0.281166572241124,-1.30380126710437,-0.960936644597049
2020-09-11,0.274296094459581,-0.739436991383868,0.0866535802076165,2020-09-10,54.213,1.36,0,0,0.273920589229782,-0.742184378548181,0.086616057667645
2020-09-14,0.077897139544585,0.884115035125745,1.18736306452751,2020-09-13,67.955,1.37,1,0,0.0778668154695372,0.880229622367824,1.18036921643751
2020-09-15,0.635363116356526,3.64832147425378,0.516868058950904,2020-09-14,76.748,1.39,0,0,0.633353193953028,3.58334585923221,0.515536880984614
2020-09-16,0.446083280870565,4.05043090373132,-0.112917795844621,2020-09-15,86.123,1.41,0,0,0.445091278413885,3.97055081570693,-0.112981596020073
2020-09-17,-1.06548716938559,-2.46561992704945,-0.840014608949728,2020-09-16,102.02,1.43,0,0,-1.07120412917148,-2.49652540059216,-0.843562614815688
2020-09-18,-0.295033304373008,-5.46278271754302,-0.55072260418128,2020-09-17,106.97,1.45,0,0,-0.295469385560823,-5.61765953437276,-0.552244671934707
2020-09-21,-2.6940183353,-2.84963927380035,-1.62780854290854,2020-09-20,113.899,1.43,1,0,-2.73097221728885,-2.89102970866192,-1.64120290141871
2020-09-22,0.889908770358759,1.47248369834941,0.433855035049046,2020-09-21,132.416,1.43,0,0,0.885972418318776,1.46174791724473,0.432916597418718
2020-09-23,0.90609859832094,-3.10281252632128,-1.47087699255636,2020-09-22,137.017,1.42,0,0,0.902018155009041,-3.15196925520408,-1.48180164601564
2020-09-24,-0.837487171968908,-1.26400029381741,-0.434806239469532,2020-09-23,143.247,1.4,0,0,-0.841013799624625,-1.27205673851684,-0.435754270863421
2020-09-25,-0.0369610615216953,0.409893261526343,1.02625689175173,2020-09-24,151.108,1.39,0,0,-0.0369678938056088,0.409055487635989,1.02102662922891
2020-09-28,1.98924035421789,4.5002393282611,1.61560490625167,2020-09-27,177.079,1.37,1,0,1.96971350087099,4.40191756367459,1.60269289592738
2020-09-29,-0.498486413979372,-1.8700544875884,-0.262327625934968,2020-09-28,171.78,1.35,0,0,-0.499733001943904,-1.88776110290749,-0.262672307780705
2020-09-30,-0.222254609050483,4.73524861756712,0.435400746401267,2020-09-29,181.155,1.34,0,0,-0.222501961175668,4.6265538244136,0.434455619750674
2020-10-01,0.518532043089267,0.829617816067144,0.504290896222246,2020-09-30,196.121,1.33,0,0,0.517192295043591,0.826195403066773,0.503023608441118
2020-10-02,0.468630798852044,2.79142926327381,-0.684859154929575,2020-10-01,191.87,1.33,0,0,0.46753614332028,2.75317906319057,-0.687215077904242
2020-10-05,0.867804454729526,1.36295226685138,1.63443300065591,2020-10-04,234.786,1.39,1,0,0.864060675402665,1.35374761480907,1.62121992268908
2020-10-06,-0.455262403211924,0.461596074043327,-0.638375804510506,2020-10-05,268.501,1.41,0,0,-0.456301878584354,0.460533986480988,-0.640422136356459
2020-10-07,-0.140444380424209,-1.80230856472584,1.04797514350414,2020-10-06,266.463,1.42,0,0,-0.140543095981968,-1.81874797097696,1.04252194965378
2020-10-08,0.962856112513529,1.91839841067341,0.759155027447711,2020-10-07,294.181,1.43,0,0,0.958250195016844,1.90022915313019,0.756287946917175
2020-10-09,1.29120977247561,-1.28660420372853,0.79136566610921,2020-10-08,341.639,1.44,0,0,1.28294472909394,-1.2949526404793,0.788250790600103
2020-10-12,0.906253856868309,-1.00681441400601,1.24187478617858,2020-10-11,372.327,1.42,1,0,0.902172019275014,-1.01191706872714,1.23422677530352
2020-10-13,0.0279568765179853,-1.54491993123183,-0.493359916196391,2020-10-12,398.88,1.41,0,0,0.0279529693114578,-1.55697817388568,-0.494580953960362
2020-10-14,-0.0855940049260239,-0.772728397171495,-0.385438244982527,2020-10-13,433.993,1.39,0,0,-0.0856306575108586,-0.775729412847114,-0.386182972444904
2020-10-15,-2.01230812266163,0.154869739698394,-0.796018204442013,2020-10-14,428.053,1.36,0,0,-2.03283082933758,0.154749940189875,-0.799203343469027
2020-10-16,1.37563116669936,-2.23798749842803,0.190721649484538,2020-10-15,457.518,1.33,0,0,1.36625524867905,-2.26341046313218,0.190540006664757
2020-10-19,-0.510401633285222,2.23055737076893,-0.76829414690196,2020-10-18,479.413,1.26,1,0,-0.511708631612145,2.20604428912636,-0.771260730878561
2020-10-20,-0.226436456269455,0.182927526962812,0.255776575704685,2020-10-19,466.66,1.24,0,0,-0.226693211277612,0.182760418322968,0.255450024131048
2020-10-21,-1.17021276595745,-1.00983776797001,-0.131009636103496,2020-10-20,477.142,1.23,0,0,-1.17711364502111,-1.0149712184802,-0.131095528753884
2020-10-22,-0.57409400789378,-0.925918922861437,0.0983861223785167,2020-10-21,512.197,1.23,0,0,-0.575748261896964,-0.93023219771791,0.0983377549550851
2020-10-23,0.0252616383976879,6.06094174868996,0.343150779417852,2020-10-22,542.127,1.21,0,0,0.0252584481830719,5.88436650770015,0.342563360568766
2020-10-26,-1.5135115633005,-2.78580635500543,-1.51913526146654,2020-10-25,596.107,1.2,1,0,-1.52508204506335,-2.82534600280679,-1.53079232961244
2020-10-27,-0.0549500870043169,-2.62271595564901,-0.268728078594252,2020-10-26,603.56,1.19,0,0,-0.0549651900976505,-2.65772259043529,-0.269089800673231
2020-10-28,-2.11857417758635,-2.23202052206907,-2.89398631742865,2020-10-27,600.998,1.15,0,0,-2.14133804742177,-2.25730707582018,-2.93668797293632
2020-10-29,0.0636596828249767,-2.41262429761578,0.436043892682744,2020-10-28,474.929,1.11,0,0,0.0636394286442679,-2.44220482467666,0.435095975857669
2020-10-30,-0.102913384353415,2.29620921182509,-1.14996142875082,2020-10-29,600.998,1.09,0,0,-0.102966376537302,2.27024306800309,-1.15662461717522
2020-11-02,1.87869933318348,0.992950675938802,1.24137931034483,2020-11-01,507.247,0.98,1,0,1.86126973866202,0.988053312962908,1.23373737598408
2020-11-03,1.94333621371184,1.13721161458476,1.83744442850997,2020-11-02,484.013,0.94,0,0,1.92469456171583,1.1307939722543,1.82076739606345
2020-11-04,1.94416390131294,0.821107048490896,1.90638807231247,2020-11-03,452.86,0.9,0,0,1.92550646789021,0.817754305136664,1.88844418960139
2020-11-05,1.12160775572304,0.545128989785536,2.15228356249569,2020-11-04,447.211,0.87,0,0,1.1153643767081,0.543648539513399,2.12944900182862
2020-11-06,0.227431770468851,-1.42338953880394,0.233352497548107,2020-11-05,407.149,0.82,0,0,0.227173535881963,-1.43361689376563,0.233080653428766
2020-11-09,3.67079769593297,12.1850073762384,1.30406910047912,2020-11-08,331.856,0.76,1,0,3.60502858859862,11.4979174074312,1.2956393270059
2020-11-10,-0.346842220463682,9.35000310314372,0.0416326666555646,2020-11-09,273.509,0.75,0,0,-0.347445112553049,8.93835895127711,0.0416240026655079
2020-11-11,1.24013719228885,-0.188080145109958,0.724106934780441,2020-11-10,275.081,0.77,0,0,1.23251048073217,-0.188257237900638,0.721497867900733
2020-11-12,0.140184576358859,-0.424188918684141,-0.623047811069425,2020-11-11,318.463,0.79,0,0,0.140086409514078,-0.425091152231594,-0.624996853806556
2020-11-13,-0.529955837013574,-0.108616914367822,0.764983702521105,2020-11-12,330.75,0.8,0,0,-0.531365084089333,-0.108675945287168,0.762072539385106
2020-11-16,0.804195218389256,5.23993358011341,1.26914444151044,2020-11-15,317.939,0.84,1,0,0.800978801317292,5.10726390560307,1.2611583028823
2020-11-17,-0.121328967706534,0.879655970874849,-0.122227473476638,2020-11-16,283.933,0.85,0,0,-0.121402630887772,0.875809538197709,-0.122302232176328
2020-11-18,-0.0099843578393948,1.03694311067743,-0.448715856802532,2020-11-17,254.351,0.86,0,0,-0.00998485630958574,1.03160373474396,-0.449725608145058
2020-11-19,-0.81047796565038,-2.50642378344914,0.026224779138183,2020-11-18,273.393,0.88,0,0,-0.81378019296745,-2.53836951132518,0.0262213410440552
2020-11-20,0.941259374842706,-1.0374575212035,-0.122896422894784,2020-11-19,334.302,0.91,0,0,0.936857131580716,-1.04287662492874,-0.122972002477997
2020-11-23,-0.04155446959875,2.00553987389128,0.356017850111575,2020-11-22,318.696,0.94,1,0,-0.041563105861051,1.98569383104402,0.355385606718777
2020-11-24,1.0126876964265,4.22480337074724,1.4353675881574,2020-11-23,303.265,0.93,0,0,1.00759437202396,4.13799511926504,1.42516371375466
2020-11-25,-0.176143285154586,0.191827463100588,0.00322336293454668,2020-11-24,233.039,0.92,0,0,-0.176298599850177,0.191643709178713,0.00322331098531903
2020-11-26,0.164910371213246,-1.11578490730045,0.133765250044326,2020-11-25,294.298,0.92,0,0,0.16477454336954,-1.12205648225937,0.13367586403645
2020-11-27,0.704654340703662,-1.95916902805877,0.392712289963294,2020-11-26,268.152,0.91,0,0,0.702183253628092,-1.97861515181056,0.391943188163793
2020-11-30,-0.923700688279624,-3.14545424107031,-0.880146210080802,2020-11-29,331.74,0.97,1,0,-0.927993257194508,-3.19598611608688,-0.884042374981773
2020-12-01,0.889409590442557,2.18144145681122,1.07396444918886,2020-11-30,267.511,0.98,0,0,0.885477640241162,2.15798848498117,1.06823841158792
2020-12-02,-0.0768714937603104,0.334420116226212,0.214430878046444,2020-12-01,244.51,1.01,0,0,-0.0769010550435132,0.333862175719689,0.214201303166856
2020-12-03,-0.0752938095394042,1.41288197340965,0.359281437125749,2020-12-02,297.5,1.04,0,0,-0.0753221695646313,1.4029938257833,0.358637563122765
2020-12-04,0.850150701087659,2.13107516701468,0.730310262529838,2020-12-03,334.477,1.07,0,0,0.846557272026081,2.10868529822681,0.727656410202908
2020-12-07,0.0860850780450707,-1.20409965642086,-0.0995119177368139,2020-12-06,402.49,1.2,1,0,0.0860480460928843,-1.21140765933765,-0.0995614637178392
2020-12-08,0.0632911392405041,-1.41189340578636,0.21345223413337,2020-12-07,414.719,1.23,0,0,0.0632711188459533,-1.42195544317517,0.213224748509992
2020-12-09,0.507630678408666,-0.415789430123176,-0.460705889777687,2020-12-08,363.767,1.24,0,0,0.506346577706398,-0.416656237938752,-0.46177041015914
2020-12-10,-0.261408377977152,-0.548296080217949,0.0253609979552645,2020-12-09,387.001,1.24,0,0,-0.261750646286349,-0.549804740319088,0.0253577825978037
2020-12-11,-0.588901472253678,-0.911870342196372,-0.19332857935186,2020-12-10,514.176,1.26,0,0,-0.590642334982636,-0.916053328157974,-0.193515700260855
2020-12-14,-0.257136347361918,-3.6380369132779,-0.157185272216314,2020-12-13,578.638,1.29,1,0,-0.257467510683585,-3.70586360255017,-0.157308937871771
2020-12-15,0.727711786972986,3.56857628826888,0.80306596272501,2020-12-14,496.008,1.28,0,0,0.725076740720854,3.50637801463772,0.799858548348583
2020-12-16,0.732173518644504,1.09779785940583,0.506397008944775,2020-12-15,391.077,1.28,0,0,0.729506140316175,1.09181579950325,0.50511913156435
2020-12-17,0.464734827774738,1.32922978551655,0.751844294459263,2020-12-16,656.317,1.32,0,0,0.463658269612602,1.32047303923886,0.749032032335578
2020-12-18,0.0800320128051221,-2.66025112289639,-0.325600959665991,2020-12-17,749.486,1.32,0,0,0.0800000042666763,-2.69627614391662,-0.326132193038073
2020-12-21,-2.53658536585366,-3.10458414163075,-0.812753985620496,2020-12-20,761.191,1.24,1,0,-2.56931129239551,-3.15379761735934,-0.816074836632233
2020-12-22,1.33083903575707,0.155568853786406,-0.149700598802402,2020-12-21,653.231,1.19,0,0,1.3220611668359,0.155447970799673,-0.14981276210221
2020-12-23,0.796761133603232,3.15296625906867,0.372445356269236,2020-12-22,575.843,1.14,0,0,0.793603752186653,3.10428098686701,0.371753495887991
2020-12-24,0.634619710163562,0.907209510765006,0.202826999575473,2020-12-23,609.849,1.07,0,0,0.632614478539509,0.903119085819281,0.202621583329536
2020-12-28,0.194773057458056,0.163555690743625,0.542779154770483,2020-12-27,530.015,0.92,1,0,0.194583620679815,0.163422084084773,0.54131141736931
2020-12-29,0.246976529262728,1.08730459853342,0.324533483118024,2020-12-28,434.284,0.91,0,0,0.246672043468617,1.08143594386181,0.324008009794024
2020-12-30,-0.171662904917831,-1.4172781527209,0.356143079315702,2020-12-29,442.087,0.91,0,0,-0.171810414519475,-1.42741745495293,0.355510391588373
2020-12-31,-0.54931057542272,-1.05776025682156,0.151869701994455,2020-12-30,555.113,0.9,0,0,-0.550824833831013,-1.06339430566524,0.15175449658919
2021-01-04,1.02784137301676,0.0150553076687051,-0.513693331270298,2021-01-03,433.993,0.86,1,0,1.02259500252959,0.01505417447099,-0.515017271404274
2021-01-05,0.410440074164466,1.38840975860364,0.618992814706526,2021-01-04,385.137,0.87,0,0,0.409600066592755,1.37885964526029,0.61708492327598
2021-01-06,0.874341087718185,0.417643950520356,0.446704587609742,2021-01-05,378.848,0.88,0,0,0.870540861259073,0.41677423886449,0.445709824003065
2021-01-07,-0.273796858376619,0.962951010034131,1.18181118719704,2021-01-06,421.473,0.88,0,1,-0.274172367553072,0.958344187480682,1.1748823359851
2021-01-08,1.28488727820399,1.13317146478481,0.921630952199909,2021-01-07,567.457,0.9,0,1,1.27670263600821,1.12679917109857,0.917409849643095
2021-01-11,-0.492565055762092,-1.56549246842832,-0.77005379827906,2021-01-10,387.525,0.84,1,1,-0.493782155750551,-1.57787571094906,-0.773034021949077
2021-01-12,0.180567230160967,0.7345783447115,0.177681934151373,2021-01-11,318.405,0.83,0,1,0.18040440351618,0.731893458367283,0.177524266539703
2021-01-13,0.124304670747996,-0.54640035497078,0.278935799287506,2021-01-12,289.814,0.82,0,1,0.124227476456268,-0.547898581746891,0.278547495298512
2021-01-14,1.90570781216052,2.60229979481583,0.0105821705543449,2021-01-13,360.855,0.81,0,1,1.88777665301678,2.56901616515124,0.0105816106821699
2021-01-15,-0.750769043340534,-0.144178199516518,-0.861599854888435,2021-01-14,382.342,0.8,0,1,-0.753601499832344,-0.144282236293525,-0.865333085579337
2021-01-18,-0.219416015834788,0.0428907994797933,-0.0320190284511994,2021-01-17,328.595,0.83,1,1,-0.219657085469619,0.0428816040056365,-0.0320241556365963
2021-01-19,0.150699677072123,-0.0456328056232412,0.82971097384276,2021-01-18,279.041,0.85,0,1,0.150586239061625,-0.0456432205565246,0.82628779430519
2021-01-20,1.23142120132662,-0.619846587574221,1.11180020874617,2021-01-19,253.653,0.85,0,1,1.22390088535317,-0.621775611994055,1.1056651414697
2021-01-21,0.694676171697261,-2.50961562132057,0.176530429058696,2021-01-20,326.266,0.86,0,1,0.692274413326403,-2.54164346048692,0.176374797228218
2021-01-22,-0.504609266734956,0.464390933140936,-0.437561602102678,2021-01-21,340.183,0.86,0,1,-0.505886718534082,0.463315965198058,-0.438521704597709
2021-01-25,-0.34669129335533,-3.14002237880482,0.208492702755401,2021-01-24,287.659,0.86,1,1,-0.347293660258483,-3.19037800558268,0.208275658348701
2021-01-26,0.0455760816723314,2.80276142820887,-0.297868518740272,2021-01-25,235.31,0.86,0,1,0.0455656989308022,2.76420288143022,-0.298313029937961
2021-01-27,-1.61265830473472,2.12343276763762,-2.04026482907716,2021-01-26,230.71,0.85,0,1,-1.6258031513166,2.10120208577985,-2.0613657348746
2021-01-28,0.166687245338937,1.53709696662514,0.306513409961686,2021-01-27,280.439,0.84,0,1,0.166548476335573,1.52540330754293,0.306044615310613
2021-01-29,-1.83204930662558,-0.427405723081267,-1.77081741787625,2021-01-28,275.431,0.82,0,1,-1.84903915817727,-0.428321712267076,-1.78668398046963
2021-02-01,1.60568818571362,-0.866088517415008,1.4978768412375,2021-01-31,216.909,0.82,1,1,1.59293336689864,-0.86986086103168,1.48676944546498
2021-02-02,0.854265146599928,0.510210052516989,1.29187482759679,2021-02-01,187.794,0.85,0,1,0.850636950198272,0.508912891322231,1.283601304269
2021-02-03,0.309403097094365,-2.45928728529262,0.302585593899874,2021-02-02,211.028,0.87,0,1,0.308925430734635,-2.49003288361466,0.302128725072527
2021-02-04,-0.0778756737772742,-0.123001655337895,0.571669909648998,2021-02-03,237.93,0.87,0,1,-0.0779060126321847,-0.12307736446266,0.570042078156401
2021-02-05,-0.1742107032611,-0.0156384666486424,0.569920211170429,2021-02-04,247.946,0.86,0,1,-0.174362626576846,-0.0156396895843337,0.568302310187416
2021-02-08,0.48221174453493,-0.92555745074036,0.741171558100696,2021-02-07,230.768,0.85,1,1,0.481052827830457,-0.929867348044075,0.738438378433086
2021-02-09,0.103596946937044,-0.478489978987547,0.173197341346805,2021-02-08,130.786,0.83,0,1,0.103543322332412,-0.479638407161152,0.173047527708765
2021-02-10,0.0243505258191621,-0.307107375897211,0.200975321412724,2021-02-09,105.572,0.84,0,1,0.0243475615598327,-0.30757991832196,0.20077363619344
2021-02-11,1.08181306391979,0.561180051089563,0.247765684452713,2021-02-10,188.9,0.89,0,1,1.07600332914944,0.559611302108623,0.247459251333784
2021-02-12,1.88006141433603,0.695342802823461,0.367787683526054,2021-02-11,258.02,0.94,0,1,1.86260669335057,0.692936443281619,0.367112998391813
2021-02-15,1.23369235997221,1.9411265916266,0.416275797373363,2021-02-14,202.119,0.97,1,1,1.22614439151158,1.9225270379576,0.415411766679776
2021-02-16,0.32838086342275,0.580124349685216,-0.00291936708123073,2021-02-15,165.375,0.97,0,1,0.327842870919987,0.578448108112353,-0.00291940969558346
2021-02-17,-0.929549190463027,1.44491292315663,-0.344495372668073,2021-02-16,159.494,0.99,0,1,-0.933896459928363,1.43457353414946,-0.34509012429777
2021-02-18,-1.20844590626102,-0.361771426946107,-0.590303207851192,2021-02-17,199.382,1.02,0,1,-1.21580697694943,-0.36242740233846,-0.592052384263734
2021-02-19,0.842734204307319,-1.3698899358434,0.157661308146824,2021-02-18,266.23,1.07,0,1,0.839203024713734,-1.37935950930076,0.157537153185489
2021-02-22,-0.99192312227332,1.93942104823142,-0.878276988260221,2021-02-21,273.742,1.14,1,1,-0.996875455784401,1.92085395691582,-0.88215657297112
2021-02-23,-1.14477112020842,2.55933515642902,0.0385888359529203,2021-02-22,244.685,1.14,0,1,-1.15137406557332,2.52713246791406,0.0385813923764767
2021-02-24,0.072282625064003,2.08256432243661,0.19880420752786,2021-02-23,224.013,1.13,0,1,0.0722565137564392,2.06117540063933,0.198606853485355
2021-02-25,-0.00902880187798258,2.02837468799215,-1.2319173193953,2021-02-24,257.03,1.11,0,1,-0.00902920949883851,2.00807718260126,-1.23956832175442
2021-02-26,-1.98952564411269,-0.623961991666448,-1.48414661569597,2021-02-25,293.715,1.1,0,1,-2.00958318463825,-0.625916770126931,-1.49527026967979
2021-03-01,2.04526609956086,1.77536293781013,2.03454310279236,2021-02-28,273.043,1.06,1,1,2.02463141424245,1.75978744747709,2.014122783506
2021-03-02,-0.198621685876802,-0.785796691258239,-0.508560520193278,2021-03-01,220.286,1.05,0,1,-0.198819200328325,-0.788900343078774,-0.509858090362671
2021-03-03,0.0135693393239502,1.24831751022635,-0.646070363208475,2021-03-02,233.912,1.05,0,1,0.0135684187723747,1.24059026775405,-0.648166430704257
2021-03-04,-0.856259892967523,0.26458716421343,-1.42426071213035,2021-03-03,293.482,1.04,0,1,-0.859946859754445,0.264237748579666,-1.43450065023875
2021-03-05,-0.577797375583492,-1.27143203937701,0.632117056446675,2021-03-04,242.356,1.01,0,1,-0.579473082531071,-1.27958390721441,0.63012757607642
2021-03-08,1.80158135409179,2.97916456395236,-0.503429709957575,2021-03-07,265.765,1.05,1,1,1.78554519378555,2.93564959921447,-0.504701186443907
2021-03-09,1.4196649891084,0.33767429515527,1.34672414320219,2021-03-08,223.839,1.07,0,1,1.40968211698987,0.337105455697294,1.33773641695088
2021-03-10,0.434009776329425,1.20490730268091,0.496236745652267,2021-03-09,254.992,1.1,0,1,0.433070670127695,1.19770608228273,0.495009549305283
2021-03-11,0.837721044791538,0.827471062276318,1.28774689319806,2021-03-10,311.825,1.12,0,1,0.834231636176736,0.824066289924415,1.27952593443246
2021-03-12,-0.92144330198477,-0.365026681477391,-0.0577897638028608,2021-03-11,315.668,1.14,0,1,-0.925714850961714,-0.36569452957952,-0.0578064685229199
2021-03-15,0.205193309812372,0.698681655864967,0.373626699482554,2021-03-14,352.412,1.17,1,1,0.204983075881927,0.696252185196795,0.372930448643514
2021-03-16,0.714496169711259,1.16856405446671,0.143281289236182,2021-03-15,321.782,1.17,0,1,0.711955739501951,1.16178907363414,0.143178739541611
2021-03-17,-0.430044613471797,-1.24339896157657,0.0339253053277506,2021-03-16,294.996,1.16,0,1,-0.430971964958067,-1.25119384822334,0.0339195519972319
2021-03-18,0.246801134109966,-1.03421739001611,-0.709240773234648,2021-03-17,357.536,1.16,0,1,0.246497080280431,-1.03960257995693,-0.71176784136065
2021-03-19,-0.10111519805389,-2.35878962166581,-0.292553981407233,2021-03-18,369.066,1.16,0,1,-0.101166353957448,-2.38705442032735,-0.292982757038398
2021-03-22,0.368197154173389,-2.22253816819497,0.412564602850715,2021-03-21,417.106,1.18,1,1,0.367520967742875,-2.24760871229095,0.411715888621948
2021-03-23,-0.361000277692525,-0.254093449382327,-0.792073333531092,2021-03-22,369.007,1.17,0,1,-0.36165345615285,-0.254416814670246,-0.795226897758667
2021-03-24,0.643940505177925,1.84570438834174,-0.898570659649541,2021-03-23,337.679,1.16,0,1,0.641876066073778,1.82887799321819,-0.902632154374629
2021-03-25,-0.116595980353571,-0.889090241264342,0.144833516889689,2021-03-24,461.07,1.16,0,1,-0.116664006348938,-0.893066232862861,0.14472873431295
2021-03-26,1.64738155341222,2.15785100217397,1.44021452567831,2021-03-25,466.893,1.15,0,1,1.63395943192873,2.13489899058374,1.42994195021993
2021-03-29,0.189486377077898,-0.850278289136159,-0.0772258112422933,2021-03-28,448.259,1.11,1,1,0.189307078104762,-0.853913777495112,-0.0772556457328492
2021-03-30,0.455626558156854,1.11931799712464,-0.105524426675391,2021-03-29,404.062,1.09,0,1,0.454591722487864,1.11309998972513,-0.105580142898121
2021-03-31,-0.181138749429482,-0.220393198769266,0.174076057846807,2021-03-30,353.227,1.07,0,1,-0.181303004044675,-0.220636422010282,0.173924721079161
2021-04-01,1.22597699507036,2.16020413909586,1.0664052637051,2021-03-31,478.714,1.06,0,1,1.21852276007243,2.13720239634037,1.0607592667758
2021-04-06,0.684612452888785,0.267437077988285,0.177444221427121,2021-04-05,322.539,0.97,0,1,0.682279623012478,0.26708010135182,0.177286975157324
2021-04-07,-0.448631673396132,2.50648335627782,0.0696904582147654,2021-04-06,334.943,0.97,0,1,-0.449641045327479,2.47558628464008,0.0696661856913691
2021-04-08,0.464736367733207,-0.191033041887091,0.481689977366365,2021-04-07,374.423,0.99,0,1,0.463659802447445,-0.191215742718936,0.480533563261955
2021-04-09,-0.00280355490762032,-0.948411924121986,0.31044241654154,2021-04-08,482.848,1.01,0,1,-0.00280359420795066,-0.952937989908636,0.309961539046373
2021-04-12,-0.842491869462823,-0.624524467466447,-0.16265779965741,2021-04-11,490.709,1.05,1,1,-0.846060892168069,-0.626482779200255,-0.162790231082531
2021-04-13,0.176715911500672,0.646797174356414,0.344588944317885,2021-04-12,391.95,1.04,0,1,0.176559952642838,0.64471441741731,0.343996597000688
2021-04-14,0.557437200112889,0.828152832703173,-0.0186789660473864,2021-04-13,394.745,1.03,0,1,0.555889268784955,0.8247424629105,-0.018680710783524
2021-04-15,0.175426285874675,-0.302227674243471,0.888135203495049,2021-04-14,325.043,1.01,0,1,0.175272593683884,-0.302685304368054,0.88421447991396
2021-04-16,0.420285794340151,1.91274660875107,0.415942565738878,2021-04-15,517.67,1.04,0,1,0.41940506046607,1.894683580668,0.415079915906825
2021-04-19,-0.678013392857129,-1.18278095357953,-0.276619286747815,2021-04-18,498.978,1.07,1,1,-0.680322346255364,-1.18983145732249,-0.277002584911097
2021-04-20,-1.65041997921173,-1.26240363243754,-0.846384728090022,2021-04-19,416.99,1.07,0,1,-1.66419114134041,-1.27043965004359,-0.8499869035394
2021-04-21,1.30964452505748,-1.04938073263214,0.411741076552279,2021-04-20,400.627,1.06,0,1,1.30114282869887,-1.05492555723609,0.410895742578729
2021-04-22,0.504680275177631,1.29492745179019,-0.227172064979771,2021-04-21,500.201,1.07,0,1,0.503411032895978,1.28661494993524,-0.22743049217242
2021-04-23,0.396947849748917,-2.44486690864678,0.773284454118452,2021-04-22,563.789,1.05,0,1,0.396162090455171,-2.47525001972279,0.770309934375112
2021-04-26,-0.0433100018162183,2.55172127180322,0.369465128175982,2021-04-25,469.397,0.98,1,1,-0.0433193833063548,2.51970830974155,0.368784282248158
2021-04-27,-0.452855505548879,-0.128549022070133,-0.110431532449893,2021-04-26,362.893,0.95,0,1,-0.45388400233759,-0.128631717202297,-0.110492552994776
2021-04-28,-0.0533543006374428,-0.185337777348915,0.0255123735011571,2021-04-27,312.64,0.95,0,1,-0.0533685391092084,-0.18550974031522,0.0255091196485497
2021-04-29,-0.192458979545966,0.417921780371401,0.332993255115346,2021-04-28,504.86,0.97,0,1,-0.192644419809159,0.417050912819173,0.332440060303024
2021-04-30,-0.40958801919857,-0.739209968859733,-0.881268801107236,2021-04-29,505.966,0.96,0,1,-0.410429128433336,-0.74195566509176,-0.885174940598615
2021-05-03,0.645881621346607,0.134056344134968,0.210877277973285,2021-05-02,320.909,0.95,1,1,0.643804743985281,0.133966568841983,0.210655243932895
2021-05-04,-2.1274205552357,-1.29126010387803,-0.811875275483062,2021-05-03,537.469,1.02,0,1,-2.1503763070919,-1.29966933563007,-0.815188930146802
2021-05-05,2.4620505609917,-0.793887725751264,0.290997706422014,2021-05-04,451.52,1.01,0,1,2.43223056058534,-0.797055792760154,0.29057512769409
2021-05-06,-0.235247990590073,1.62442228971776,0.644626445406857,2021-05-05,425.142,0.96,0,1,-0.235525133409379,1.61136971377006,0.642557615194349
2021-05-07,0.835134604047937,0.252731962849432,0.883347061663878,2021-05-06,396.143,0.93,0,1,0.83166664969363,0.252413132701675,0.879468376274037
2021-05-10,-0.904775824389972,4.22000350008454,-0.543386451939863,2021-05-09,382.459,0.92,1,1,-0.908893778506393,4.13338970765934,-0.544868166181233
2021-05-11,-2.24326108637327,-2.59341719280129,-1.14366595895259,2021-05-10,342.047,0.89,0,1,-2.26880492060323,-2.62763923338702,-1.15025611249105
2021-05-12,-0.169554846682194,-2.32129267390042,-1.66805074310586,2021-05-11,322.481,0.86,0,1,-0.169698753602807,-2.34865900354985,-1.68211937690589
2021-05-13,-0.0777246819045373,-1.31962015709361,0.257728205949587,2021-05-12,371.453,0.84,0,1,-0.0777549031960364,-1.32840450953247,0.257396656351245
2021-05-14,1.3122641237648,1.59377375768886,1.53803700583845,2021-05-13,351.713,0.81,0,1,1.30372853004274,1.58120653659658,1.52632911189419
2021-05-17,-0.0156398845492178,0.499171647831026,-0.0944030437829829,2021-05-16,259.068,0.76,1,1,-0.0156411077066911,0.497929916693195,-0.0944476315200269
2021-05-18,0.254543386138046,1.14786386262106,0.0429510215184553,2021-05-17,165.724,0.76,0,1,0.254219973162209,1.14132588917504,0.0429418002075455
2021-05-19,-1.60139572488333,-1.24174110366917,-0.582452022840124,2021-05-18,312.058,0.79,0,1,-1.6143566226449,-1.24951513107974,-0.584154890110701
2021-05-20,1.49483941647927,-0.551934540464168,0.954368792284439,2021-05-19,266.929,0.78,0,1,1.48377680137957,-0.553463327011254,0.949843462764963
2021-05-21,0.407618344245765,0.390055689779808,0.0342206949652816,2021-05-20,271.937,0.75,0,1,0.406789831356831,0.389296944952418,0.0342148410209306
2021-05-24,0.495077514993776,1.14303628771182,0.659948401442478,2021-05-23,200.022,0.72,1,1,0.493856036117149,1.13655298549368,0.657780275759181
2021-05-25,0.2519494412071,0.679368621240027,0.150099122061731,2021-05-24,156.932,0.72,0,1,0.251632580709719,0.677071311553832,0.14998658592595
2021-05-26,-0.151632151632157,0.33104455425832,0.178152306082627,2021-05-25,145.402,0.71,0,1,-0.151747229523963,0.33049780809045,0.177993803085053
2021-05-27,-0.395123528832761,0.451749896160784,0.0564557104951134,2021-05-26,161.706,0.72,0,1,-0.39590620421797,0.45073256901629,0.0564397802542745
2021-05-28,0.694562087074363,1.17004508063307,0.314562997235234,2021-05-27,194.723,0.75,0,1,0.692161115690572,1.16325298225023,0.314069282929803
2021-05-31,-0.549573799910268,0.014214826336885,0.0421851929972676,2021-05-30,158.795,0.77,1,1,-0.551089512575236,0.014213816126171,0.042176297546337
2021-06-01,0.927596706890724,1.04851281770688,0.324689015391095,2021-05-31,119.373,0.76,0,1,0.923320949489008,1.04305404618665,0.324163038825409
2021-06-02,0.417632762521984,0.434654164398288,0.0924680564895719,2021-06-01,136.784,0.74,0,1,0.416763097397159,0.433712271516603,0.0924253311183999
2021-06-03,-0.257326860751382,-0.520977129621554,-0.428319475938516,2021-06-02,146.508,0.73,0,1,-0.257658515397538,-0.522338947368012,-0.429239391530692
2021-06-04,0.432308807943313,0.0893204055486094,0.69585020242914,2021-06-03,161.008,0.72,0,1,0.431377037867045,0.0892805386121462,0.693440337814559
2021-06-07,-0.218001055291724,0.694505614595002,0.0963270092557768,2021-06-06,90.607,0.67,1,1,-0.218239023503981,0.692105032726384,0.0962806445643008
2021-06-08,0.114109183006072,1.08272069161318,-0.00557880055787498,2021-06-07,80.649,0.66,0,1,0.114044127962324,1.07690123906126,-0.00557895617873672
2021-06-09,0.455916489443043,2.23249403903508,-0.193874135237668,2021-06-08,83.619,0.64,0,1,0.454880338345174,2.20793868349528,-0.194062314399058
2021-06-10,0.379128557789433,-1.64882351160416,0.371731626535485,2021-06-09,100.855,0.63,0,1,0.378411676835082,-1.66256789633012,0.371042412015482
2021-06-11,0.417671789923492,-0.363408457005144,0.179608203500266,2021-06-10,91.713,0.61,0,1,0.416801962477775,-0.364070389704466,0.179447100839998
2021-06-14,0.222380847792665,0.727770036162137,0.219590838336675,2021-06-13,60.967,0.61,1,1,0.222133947556816,0.725134569069441,0.219350090031658
2021-06-15,0.12053143405013,-1.03413477424186,-0.120649008459299,2021-06-14,50.311,0.62,0,1,0.120458853233105,-1.03951910086184,-0.120721847968164
2021-06-16,0.34474267421817,-2.02940112173615,-0.331838440498172,2021-06-15,61.142,0.62,0,1,0.344149798866536,-2.05027637762437,-0.332390245322993
2021-06-17,0.189502385821402,-0.582836182379632,-0.413741223671017,2021-06-16,60.793,0.61,0,1,0.189323056569977,-0.584541301050757,-0.414599500854223
2021-06-18,-2.0765012450843,0.308484245446904,-1.24498160504707,2021-06-17,63.297,0.59,0,1,-2.09836371136728,0.308009409078084,-1.25279643087146
2021-06-21,0.575295638036211,1.09761582986981,0.718160828363802,2021-06-20,41.111,0.61,1,1,0.573647132180192,1.09163574642222,0.715594333866494
2021-06-22,0.665957417411616,1.16383295239285,0.520364536453652,2021-06-21,33.191,0.63,0,1,0.663749717144767,1.15711250957943,0.5190153187426
2021-06-23,-0.485869968020434,-0.367808661926309,0.0391750846461612,2021-06-22,40.761,0.63,0,1,-0.487054153440866,-0.368486741185374,0.0391674132133466
2021-06-24,1.05509964830013,-0.63899703793393,0.511873793740031,2021-06-23,38.316,0.63,0,1,1.04957231720141,-0.641047363017674,0.510568173360144
2021-06-25,0.0600518629725591,0.349191084221776,0.449435075416043,2021-06-24,42.043,0.63,0,1,0.0600338390567592,0.348582827728964,0.448428131891957
2021-06-28,-0.310991079466401,-2.42699573305587,0.0193929991273132,2021-06-27,29.057,0.75,1,1,-0.311475661656335,-2.45693264542422,0.0193911189283261
2021-06-29,0.455627616780237,-1.39811193923163,-0.056782771276223,2021-06-28,33.308,0.84,0,1,0.454592776309754,-1.4079775873501,-0.0567988987971806
2021-06-30,-0.636075130415842,-1.64362230378934,-0.231417327199152,2021-06-29,32.318,0.91,0,1,-0.638106707761008,-1.65727963189351,-0.23168551092476
2021-07-01,0.248108345213299,1.91774649076046,0.256955150909069,2021-06-30,37.675,0.99,0,1,0.247801064612733,1.89958950218579,0.256625585597146
2021-07-02,0.303556533986014,0.883417238600484,0.39344989055442,2021-07-01,48.273,1.13,0,1,0.303096731411556,0.879537938708503,0.392677900738735
2021-07-05,0.0599822779633365,1.09947210742807,0.0993569398062577,2021-07-04,70.75,1.76,1,1,0.059964295785372,1.09347185353657,0.0993076134688674
2021-07-06,-0.341966511805337,-0.187895823244565,-0.27985331826077,2021-07-05,88.918,2.04,0,1,-0.342552553707449,-0.188072568879675,-0.280245639780292
2021-07-07,0.842128287854756,-0.832132686214001,0.14654040229487,2021-07-06,128.864,2.36,0,1,0.838602170048607,-0.835614237790097,0.146433136626254
2021-07-08,-1.96979556423187,-0.286651345450806,-1.01461879322483,2021-07-07,212.658,2.64,0,1,-1.98945462757647,-0.287062977240287,-1.01980113350172
2021-07-09,1.25015557798951,3.66815285819537,0.912057568404328,2021-07-08,317.008,2.82,0,1,1.24240565701125,3.60247736729585,0.907923441429561
2021-07-12,0.859113569623722,1.8465138649398,0.515478164731899,2021-07-11,543.175,2.51,1,1,0.855444190110256,1.82967279687341,0.514154124184391
2021-07-13,0.59855912464113,-2.1831652946172,-0.137489172727648,2021-07-12,492.107,2.23,0,1,0.596774875828637,-2.20734897588081,-0.137583775813341
2021-07-14,0.281345071749728,-0.688735431979181,-0.033042831770684,2021-07-13,457.984,1.99,0,1,0.280950037269311,-0.69111816122495,-0.0330482921172056
2021-07-15,-0.742331700114113,-0.498062236755142,-0.334669255877379,2021-07-14,609.849,1.83,0,1,-0.745100693801823,-0.499306700569372,-0.335230526047203
2021-07-16,-0.39219929133645,-0.647231599797289,-0.620457120747314,2021-07-15,644.962,1.68,0,1,-0.392970409631077,-0.649335225314912,-0.62238995502685
2021-07-19,-2.094987237278,-4.54658968229502,-1.6338278849229,2021-07-18,595.525,1.31,1,1,-2.11724348745846,-4.65319076153595,-1.64732203538622
2021-07-20,0.130358207713315,2.25824298007858,0.831189392440134,2021-07-19,519.708,1.18,0,1,0.130273315169987,2.23312216276181,0.827754036491661
2021-07-21,1.62181626802211,4.50917368618491,0.909855600729007,2021-07-20,396.667,1.04,0,1,1.60880531531991,4.41046680344366,0.90574135164472
2021-07-22,0.720963829149285,-2.04952740060232,0.418177524000054,2021-07-21,407.556,0.91,0,1,0.718377309408534,-2.07082167046619,0.417305591763384
2021-07-23,1.40589691893428,0.51595582762362,0.599059214167134,2021-07-22,369.182,0.82,0,1,1.39610584971295,0.514629336326337,0.597271988597806
2021-07-26,-0.576445784740191,1.06007316002845,-0.0632624152489976,2021-07-25,270.656,0.72,1,1,-0.578113646086659,1.0544937802071,-0.0632824343584081
2021-07-27,-1.05489196081063,-1.55820875644617,-0.586235842954848,2021-07-26,229.312,0.7,0,1,-1.06049538762599,-1.57047643330032,-0.587960950710075
2021-07-28,1.4133796321415,-0.306747224461769,0.166110657382933,2021-07-27,238.746,0.68,0,1,1.40348454994092,-0.307218658080212,0.165972846222019
2021-07-29,1.3936816199877,-0.345421413563073,0.838849656582957,2021-07-28,209.921,0.64,0,1,1.38405917875895,-0.346019370706255,0.835350865631611
2021-07-30,-0.497308991135513,-1.25947796143096,-0.749643679421104,2021-07-29,264.542,0.62,0,1,-0.498549687404127,-1.26747661694361,-0.752467629545883
2021-08-02,0.518354522676364,1.9649470222952,0.368677593515687,2021-08-01,138.938,0.61,1,1,0.5170156902265,1.94589115885383,0.367999643464904
2021-08-03,0.24531138719633,-1.38393126234775,0.449867928681486,2021-08-02,125.72,0.63,0,1,0.245010989984962,-1.39359687157906,0.448859047538732
2021-08-04,0.810441006209868,0.773000481688419,-0.098609874683288,2021-08-03,138.181,0.65,0,1,0.807174569580507,0.770028140612326,-0.0986585262063119
2021-08-05,0.259709751513887,1.37297497220702,0.430473109140027,2021-08-04,173.993,0.69,0,1,0.259373088510512,1.36363506347226,0.429549224087081
2021-08-06,-0.0533694336331526,0.0979365583880486,-0.188377902453007,2021-08-05,202.41,0.71,0,1,-0.053383680184481,0.0978886318299072,-0.188555556766376
2021-08-09,0.518350655101444,-0.968238423243444,-0.0123087022524969,2021-08-08,142.49,0.75,1,1,0.517011842595866,-0.972956329887674,-0.0123094598354169
2021-08-10,0.430163254729211,-0.246269048313819,0.12583777868964,2021-08-09,123.216,0.77,0,1,0.429240697323047,-0.246572789317134,0.125758669316278
2021-08-11,0.0928888430178588,0.961949587270873,0.271850495888092,2021-08-10,139.521,0.78,0,1,0.0928457280293486,0.957352311035216,0.271481650747864
2021-08-12,-0.0773355330996111,0.16584859292063,0.100816065176225,2021-08-11,142.199,0.8,0,1,-0.0773654524495289,0.165711216012573,0.100765279911506
2021-08-13,-0.0528868479438584,1.29084654861349,0.172847907451512,2021-08-12,163.512,0.82,0,1,-0.0529008379700899,1.28258613478533,0.172698697368888
2021-08-16,-0.651755869029344,-0.478644017687216,-0.16847368278036,2021-08-15,139.637,0.9,1,1,-0.653889071493351,-0.479793186584053,-0.168615759286076
2021-08-17,0.131206318688455,-1.72933471021005,-0.768937641198723,2021-08-16,134.979,0.92,0,1,0.131120318415116,-1.74446236174401,-0.771909209484961
2021-08-18,0.0895185459074527,0.201284427783556,-0.576028966028012,2021-08-17,147.731,0.93,0,1,0.0894785019532181,0.201082122106942,-0.577694411588611
2021-08-19,-0.732358583501838,-2.44623613982979,-0.696618983901888,2021-08-18,170.674,0.94,0,1,-0.735053494646289,-2.47665357558768,-0.699056701611697
2021-08-20,0.728621234477616,-0.415969713948232,0.375062510418409,2021-08-19,163.395,0.93,0,1,0.725979613806035,-0.416837274658534,0.374360904744157
2021-08-23,1.14984249620824,0.713001535940592,1.09330454759334,2021-08-22,149.187,0.99,1,1,1.14328204935387,0.710471698060009,1.0873711807641
2021-08-24,0.367816681191368,-1.56732277940105,0.569488555470371,2021-08-23,144.761,1,0,1,0.367141889793919,-1.57973514829011,0.567873099718199
2021-08-25,-0.155781140266874,0.381997369671005,0.156539257323312,2021-08-24,156.175,1,0,1,-0.155902605247934,0.381269612472277,0.156416862342038
2021-08-26,-0.207179670814524,0.206043956043956,-0.523247122140816,2021-08-25,174.459,1,0,1,-0.207394584784532,0.205831976615436,-0.524620853998585
2021-08-27,0.862477733208599,1.15264601135814,0.724103068557526,2021-08-26,162.58,0.99,0,1,0.858779642268321,1.14605365653553,0.721494029472067
2021-08-30,0.266822524903439,-1.16441719199514,0.481525690412885,2021-08-29,138.764,0.98,1,1,0.266467185547745,-1.17124961940778,0.480370063735
2021-08-31,-0.192614745165621,-0.533417577077928,0.0647956910865452,2021-08-30,132.242,0.97,0,1,-0.192800485913598,-0.53484532814908,0.0647747077423457
2021-09-01,0.302176176328686,0.473605678303713,0.32376866728722,2021-08-31,143.014,0.98,0,1,0.30172054176961,0.472487695109405,0.323245665111704
2021-09-02,0.420253164556968,-0.371006927570444,0.268936490647734,2021-09-01,173.585,0.99,0,1,0.419372567241987,-0.371696865278402,0.268575503540262
2021-09-03,-0.47521807089196,-0.347767046717944,0.105944989070243,2021-09-02,169.276,1,0,1,-0.476350822083499,-0.348373161965925,0.105888906973979
2021-09-06,1.13988981065164,-0.855112897110272,0.234439889612303,2021-09-05,138.764,1,1,1,1.13344201896662,-0.858789964501903,0.234165508059282
2021-09-07,-0.478367040260464,0.92039494218671,-0.286015958086632,2021-09-06,128.981,0.96,0,1,-0.479514877432626,0.916185119552598,-0.286425765323957
2021-09-08,-0.720999584764639,-3.40586503390999,-0.442317744983724,2021-09-07,150.41,0.97,0,1,-0.723611348211782,-3.46521612495765,-0.443298864099576
2021-09-09,-0.231939163498104,0.0211067304666721,-0.429473457463271,2021-09-08,170.15,0.96,0,1,-0.232208559012342,0.0211045033096952,-0.430398343760618
2021-09-10,0.167689317428262,-2.16807031796833,-0.310987317125946,2021-09-09,144.412,0.94,0,1,0.167548875874092,-2.19191828637342,-0.3114718875789
2021-09-13,0.375401083082859,1.85553002188756,0.0461154513888932,2021-09-12,2.912,0.89,1,1,0.374698211725548,1.83852509583087,0.0461048214824939
2021-09-14,0.790953313538441,-1.09943056670613,-0.332149345191297,2021-09-13,226.226,0.99,0,1,0.787841674787919,-1.10551897087215,-0.332702185638916
2021-09-15,-0.441263115668599,-0.142607008094998,0.259803854890717,2021-09-14,125.429,0.96,0,1,-0.442239554857585,-0.142708788664444,0.259466948080739
2021-09-16,0.498621236731755,0.885201286823631,-0.253703804200359,2021-09-15,141.908,0.92,0,1,0.497382237943714,0.881306348718184,-0.254026177666282
2021-09-17,-1.0850090835056,1.27537030156202,-0.710001224140045,2021-09-16,129.097,0.9,0,1,-1.09093823394673,1.26730594905423,-0.71253372715246
2021-09-20,-1.41990398865091,-1.21999470778224,-1.63015931725092,2021-09-19,101.321,0.85,1,1,-1.43008107678455,-1.22749772998117,-1.64359260362614
2021-09-21,1.03176234774117,-1.02030665954607,0.12951022852288,2021-09-20,82.047,0.79,0,1,1.02647601056158,-1.02554746662217,0.129426436364892
